output/coors/output/image_vectors/unplug217.jpg.npy,18
output/coors/output/image_vectors/coorslight397.jpg.npy,18
output/coors/output/image_vectors/chilling83.jpg.npy,16
output/coors/output/image_vectors/chilling241.jpg.npy,11
output/coors/output/image_vectors/coorslight152.jpg.npy,1
output/coors/output/image_vectors/coorslight401.jpg.npy,9
output/coors/output/image_vectors/unplug55.jpg.npy,3
output/coors/output/image_vectors/relaxing34.jpg.npy,16
output/coors/output/image_vectors/coorslight185.jpg.npy,11
output/coors/output/image_vectors/relaxing138.jpg.npy,5
output/coors/output/image_vectors/relaxing141.jpg.npy,10
output/coors/output/image_vectors/chilling208.jpg.npy,1
output/coors/output/image_vectors/unplug250.jpg.npy,18
output/coors/output/image_vectors/relaxing126.jpg.npy,6
output/coors/output/image_vectors/unplug29.jpg.npy,17
output/coors/output/image_vectors/coorslight222.jpg.npy,9
output/coors/output/image_vectors/coorslight165.jpg.npy,8
output/coors/output/image_vectors/relaxing245.jpg.npy,7
output/coors/output/image_vectors/coorslight38.jpg.npy,9
output/coors/output/image_vectors/coorslight472.jpg.npy,1
output/coors/output/image_vectors/coorslight498.jpg.npy,8
output/coors/output/image_vectors/unplug4.jpg.npy,6
output/coors/output/image_vectors/chilling84.jpg.npy,6
output/coors/output/image_vectors/chilling301.jpg.npy,6
output/coors/output/image_vectors/unplug71.jpg.npy,19
output/coors/output/image_vectors/chilling270.jpg.npy,4
output/coors/output/image_vectors/coorslight455.jpg.npy,3
output/coors/output/image_vectors/coorslight377.jpg.npy,17
output/coors/output/image_vectors/coorslight293.jpg.npy,16
output/coors/output/image_vectors/relaxing287.jpg.npy,19
output/coors/output/image_vectors/relaxing142.jpg.npy,11
output/coors/output/image_vectors/chilling86.jpg.npy,13
output/coors/output/image_vectors/coorslight202.jpg.npy,7
output/coors/output/image_vectors/relaxing308.jpg.npy,11
output/coors/output/image_vectors/chilling108.jpg.npy,16
output/coors/output/image_vectors/relaxing133.jpg.npy,6
output/coors/output/image_vectors/unplug158.jpg.npy,8
output/coors/output/image_vectors/relaxing172.jpg.npy,6
output/coors/output/image_vectors/relaxing59.jpg.npy,0
output/coors/output/image_vectors/unplug203.jpg.npy,18
output/coors/output/image_vectors/chilling127.jpg.npy,16
output/coors/output/image_vectors/chilling17.jpg.npy,11
output/coors/output/image_vectors/chilling184.jpg.npy,4
output/coors/output/image_vectors/coorslight324.jpg.npy,0
output/coors/output/image_vectors/coorslight452.jpg.npy,19
output/coors/output/image_vectors/coorslight407.jpg.npy,7
output/coors/output/image_vectors/coorslight308.jpg.npy,7
output/coors/output/image_vectors/relaxing16.jpg.npy,15
output/coors/output/image_vectors/unplug82.jpg.npy,2
output/coors/output/image_vectors/unplug210.jpg.npy,8
output/coors/output/image_vectors/relaxing215.jpg.npy,1
output/coors/output/image_vectors/chilling254.jpg.npy,19
output/coors/output/image_vectors/unplug183.jpg.npy,3
output/coors/output/image_vectors/chilling150.jpg.npy,13
output/coors/output/image_vectors/relaxing195.jpg.npy,17
output/coors/output/image_vectors/coorslight317.jpg.npy,9
output/coors/output/image_vectors/unplug14.jpg.npy,12
output/coors/output/image_vectors/relaxing222.jpg.npy,1
output/coors/output/image_vectors/coorslight284.jpg.npy,16
output/coors/output/image_vectors/unplug221.jpg.npy,3
output/coors/output/image_vectors/relaxing184.jpg.npy,6
output/coors/output/image_vectors/coorslight318.jpg.npy,16
output/coors/output/image_vectors/relaxing114.jpg.npy,1
output/coors/output/image_vectors/coorslight422.jpg.npy,9
output/coors/output/image_vectors/relaxing63.jpg.npy,16
output/coors/output/image_vectors/chilling52.jpg.npy,5
output/coors/output/image_vectors/unplug42.jpg.npy,11
output/coors/output/image_vectors/coorslight388.jpg.npy,9
output/coors/output/image_vectors/relaxing155.jpg.npy,7
output/coors/output/image_vectors/relaxing2.jpg.npy,11
output/coors/output/image_vectors/coorslight161.jpg.npy,14
output/coors/output/image_vectors/relaxing62.jpg.npy,0
output/coors/output/image_vectors/coorslight281.jpg.npy,19
output/coors/output/image_vectors/unplug20.jpg.npy,2
output/coors/output/image_vectors/chilling148.jpg.npy,13
output/coors/output/image_vectors/chilling283.jpg.npy,16
output/coors/output/image_vectors/coorslight13.jpg.npy,3
output/coors/output/image_vectors/coorslight155.jpg.npy,10
output/coors/output/image_vectors/coorslight382.jpg.npy,13
output/coors/output/image_vectors/unplug93.jpg.npy,13
output/coors/output/image_vectors/relaxing278.jpg.npy,1
output/coors/output/image_vectors/coorslight173.jpg.npy,9
output/coors/output/image_vectors/chilling130.jpg.npy,18
output/coors/output/image_vectors/unplug154.jpg.npy,0
output/coors/output/image_vectors/relaxing297.jpg.npy,11
output/coors/output/image_vectors/coorslight310.jpg.npy,13
output/coors/output/image_vectors/coorslight289.jpg.npy,16
output/coors/output/image_vectors/coorslight269.jpg.npy,3
output/coors/output/image_vectors/unplug186.jpg.npy,19
output/coors/output/image_vectors/chilling230.jpg.npy,1
output/coors/output/image_vectors/unplug272.jpg.npy,10
output/coors/output/image_vectors/unplug53.jpg.npy,16
output/coors/output/image_vectors/relaxing276.jpg.npy,11
output/coors/output/image_vectors/coorslight36.jpg.npy,3
output/coors/output/image_vectors/coorslight370.jpg.npy,4
output/coors/output/image_vectors/relaxing127.jpg.npy,6
output/coors/output/image_vectors/relaxing88.jpg.npy,1
output/coors/output/image_vectors/chilling71.jpg.npy,17
output/coors/output/image_vectors/relaxing87.jpg.npy,0
output/coors/output/image_vectors/coorslight246.jpg.npy,7
output/coors/output/image_vectors/coorslight427.jpg.npy,11
output/coors/output/image_vectors/chilling100.jpg.npy,1
output/coors/output/image_vectors/unplug173.jpg.npy,13
output/coors/output/image_vectors/coorslight423.jpg.npy,9
output/coors/output/image_vectors/chilling133.jpg.npy,0
output/coors/output/image_vectors/unplug49.jpg.npy,16
output/coors/output/image_vectors/chilling244.jpg.npy,8
output/coors/output/image_vectors/unplug118.jpg.npy,11
output/coors/output/image_vectors/unplug113.jpg.npy,6
output/coors/output/image_vectors/chilling82.jpg.npy,1
output/coors/output/image_vectors/coorslight484.jpg.npy,7
output/coors/output/image_vectors/unplug111.jpg.npy,2
output/coors/output/image_vectors/unplug138.jpg.npy,4
output/coors/output/image_vectors/coorslight432.jpg.npy,9
output/coors/output/image_vectors/coorslight32.jpg.npy,16
output/coors/output/image_vectors/relaxing190.jpg.npy,10
output/coors/output/image_vectors/coorslight345.jpg.npy,11
output/coors/output/image_vectors/unplug78.jpg.npy,16
output/coors/output/image_vectors/coorslight45.jpg.npy,8
output/coors/output/image_vectors/unplug80.jpg.npy,16
output/coors/output/image_vectors/relaxing18.jpg.npy,0
output/coors/output/image_vectors/coorslight339.jpg.npy,9
output/coors/output/image_vectors/coorslight349.jpg.npy,18
output/coors/output/image_vectors/relaxing104.jpg.npy,3
output/coors/output/image_vectors/relaxing74.jpg.npy,5
output/coors/output/image_vectors/coorslight326.jpg.npy,18
output/coors/output/image_vectors/coorslight436.jpg.npy,9
output/coors/output/image_vectors/unplug297.jpg.npy,2
output/coors/output/image_vectors/unplug208.jpg.npy,12
output/coors/output/image_vectors/coorslight295.jpg.npy,11
output/coors/output/image_vectors/unplug83.jpg.npy,2
output/coors/output/image_vectors/coorslight386.jpg.npy,9
output/coors/output/image_vectors/chilling237.jpg.npy,4
output/coors/output/image_vectors/coorslight291.jpg.npy,11
output/coors/output/image_vectors/relaxing277.jpg.npy,4
output/coors/output/image_vectors/coorslight20.jpg.npy,4
output/coors/output/image_vectors/chilling253.jpg.npy,16
output/coors/output/image_vectors/relaxing134.jpg.npy,8
output/coors/output/image_vectors/unplug286.jpg.npy,3
output/coors/output/image_vectors/relaxing81.jpg.npy,2
output/coors/output/image_vectors/coorslight86.jpg.npy,14
output/coors/output/image_vectors/chilling294.jpg.npy,10
output/coors/output/image_vectors/chilling49.jpg.npy,16
output/coors/output/image_vectors/unplug102.jpg.npy,17
output/coors/output/image_vectors/coorslight267.jpg.npy,3
output/coors/output/image_vectors/coorslight80.jpg.npy,17
output/coors/output/image_vectors/coorslight108.jpg.npy,6
output/coors/output/image_vectors/unplug202.jpg.npy,10
output/coors/output/image_vectors/relaxing286.jpg.npy,16
output/coors/output/image_vectors/relaxing12.jpg.npy,8
output/coors/output/image_vectors/coorslight184.jpg.npy,16
output/coors/output/image_vectors/unplug127.jpg.npy,17
output/coors/output/image_vectors/coorslight238.jpg.npy,4
output/coors/output/image_vectors/coorslight149.jpg.npy,3
output/coors/output/image_vectors/relaxing83.jpg.npy,11
output/coors/output/image_vectors/relaxing149.jpg.npy,11
output/coors/output/image_vectors/unplug79.jpg.npy,3
output/coors/output/image_vectors/coorslight353.jpg.npy,18
output/coors/output/image_vectors/unplug282.jpg.npy,14
output/coors/output/image_vectors/unplug74.jpg.npy,14
output/coors/output/image_vectors/chilling204.jpg.npy,11
output/coors/output/image_vectors/relaxing196.jpg.npy,6
output/coors/output/image_vectors/coorslight57.jpg.npy,4
output/coors/output/image_vectors/chilling1.jpg.npy,1
output/coors/output/image_vectors/unplug213.jpg.npy,18
output/coors/output/image_vectors/chilling221.jpg.npy,7
output/coors/output/image_vectors/coorslight257.jpg.npy,1
output/coors/output/image_vectors/chilling154.jpg.npy,16
output/coors/output/image_vectors/coorslight333.jpg.npy,8
output/coors/output/image_vectors/relaxing243.jpg.npy,1
output/coors/output/image_vectors/coorslight206.jpg.npy,9
output/coors/output/image_vectors/unplug223.jpg.npy,18
output/coors/output/image_vectors/unplug15.jpg.npy,10
output/coors/output/image_vectors/coorslight178.jpg.npy,14
output/coors/output/image_vectors/coorslight46.jpg.npy,11
output/coors/output/image_vectors/unplug246.jpg.npy,11
output/coors/output/image_vectors/chilling215.jpg.npy,18
output/coors/output/image_vectors/coorslight127.jpg.npy,11
output/coors/output/image_vectors/relaxing200.jpg.npy,16
output/coors/output/image_vectors/coorslight199.jpg.npy,19
output/coors/output/image_vectors/coorslight111.jpg.npy,5
output/coors/output/image_vectors/relaxing264.jpg.npy,7
output/coors/output/image_vectors/coorslight195.jpg.npy,18
output/coors/output/image_vectors/unplug19.jpg.npy,3
output/coors/output/image_vectors/relaxing110.jpg.npy,14
output/coors/output/image_vectors/coorslight364.jpg.npy,5
output/coors/output/image_vectors/coorslight275.jpg.npy,7
output/coors/output/image_vectors/coorslight197.jpg.npy,17
output/coors/output/image_vectors/chilling234.jpg.npy,10
output/coors/output/image_vectors/unplug8.jpg.npy,16
output/coors/output/image_vectors/unplug161.jpg.npy,7
output/coors/output/image_vectors/unplug103.jpg.npy,6
output/coors/output/image_vectors/chilling277.jpg.npy,7
output/coors/output/image_vectors/relaxing107.jpg.npy,0
output/coors/output/image_vectors/coorslight30.jpg.npy,8
output/coors/output/image_vectors/coorslight466.jpg.npy,16
output/coors/output/image_vectors/coorslight361.jpg.npy,11
output/coors/output/image_vectors/unplug277.jpg.npy,16
output/coors/output/image_vectors/chilling240.jpg.npy,16
output/coors/output/image_vectors/coorslight130.jpg.npy,11
output/coors/output/image_vectors/coorslight123.jpg.npy,6
output/coors/output/image_vectors/relaxing17.jpg.npy,11
output/coors/output/image_vectors/relaxing227.jpg.npy,11
output/coors/output/image_vectors/chilling263.jpg.npy,19
output/coors/output/image_vectors/coorslight270.jpg.npy,8
output/coors/output/image_vectors/unplug226.jpg.npy,3
output/coors/output/image_vectors/unplug60.jpg.npy,2
output/coors/output/image_vectors/unplug66.jpg.npy,7
output/coors/output/image_vectors/relaxing52.jpg.npy,18
output/coors/output/image_vectors/coorslight74.jpg.npy,11
output/coors/output/image_vectors/relaxing157.jpg.npy,5
output/coors/output/image_vectors/coorslight236.jpg.npy,18
output/coors/output/image_vectors/chilling152.jpg.npy,6
output/coors/output/image_vectors/coorslight198.jpg.npy,11
output/coors/output/image_vectors/coorslight332.jpg.npy,18
output/coors/output/image_vectors/relaxing249.jpg.npy,16
output/coors/output/image_vectors/coorslight62.jpg.npy,3
output/coors/output/image_vectors/coorslight458.jpg.npy,4
output/coors/output/image_vectors/coorslight250.jpg.npy,9
output/coors/output/image_vectors/relaxing13.jpg.npy,15
output/coors/output/image_vectors/coorslight474.jpg.npy,9
output/coors/output/image_vectors/unplug206.jpg.npy,16
output/coors/output/image_vectors/coorslight280.jpg.npy,16
output/coors/output/image_vectors/coorslight103.jpg.npy,16
output/coors/output/image_vectors/coorslight254.jpg.npy,16
output/coors/output/image_vectors/coorslight14.jpg.npy,5
output/coors/output/image_vectors/coorslight228.jpg.npy,7
output/coors/output/image_vectors/relaxing73.jpg.npy,13
output/coors/output/image_vectors/coorslight142.jpg.npy,16
output/coors/output/image_vectors/coorslight122.jpg.npy,9
output/coors/output/image_vectors/chilling51.jpg.npy,13
output/coors/output/image_vectors/chilling305.jpg.npy,6
output/coors/output/image_vectors/chilling265.jpg.npy,4
output/coors/output/image_vectors/chilling18.jpg.npy,16
output/coors/output/image_vectors/unplug197.jpg.npy,2
output/coors/output/image_vectors/unplug172.jpg.npy,6
output/coors/output/image_vectors/relaxing29.jpg.npy,11
output/coors/output/image_vectors/coorslight190.jpg.npy,9
output/coors/output/image_vectors/relaxing112.jpg.npy,6
output/coors/output/image_vectors/coorslight365.jpg.npy,7
output/coors/output/image_vectors/relaxing197.jpg.npy,9
output/coors/output/image_vectors/unplug174.jpg.npy,2
output/coors/output/image_vectors/coorslight467.jpg.npy,8
output/coors/output/image_vectors/relaxing208.jpg.npy,6
output/coors/output/image_vectors/coorslight89.jpg.npy,16
output/coors/output/image_vectors/unplug25.jpg.npy,14
output/coors/output/image_vectors/chilling264.jpg.npy,16
output/coors/output/image_vectors/coorslight355.jpg.npy,11
output/coors/output/image_vectors/coorslight320.jpg.npy,7
output/coors/output/image_vectors/coorslight378.jpg.npy,16
output/coors/output/image_vectors/relaxing272.jpg.npy,7
output/coors/output/image_vectors/unplug98.jpg.npy,8
output/coors/output/image_vectors/chilling73.jpg.npy,7
output/coors/output/image_vectors/coorslight335.jpg.npy,3
output/coors/output/image_vectors/relaxing281.jpg.npy,16
output/coors/output/image_vectors/chilling261.jpg.npy,16
output/coors/output/image_vectors/coorslight58.jpg.npy,1
output/coors/output/image_vectors/coorslight26.jpg.npy,3
output/coors/output/image_vectors/unplug109.jpg.npy,12
output/coors/output/image_vectors/coorslight459.jpg.npy,3
output/coors/output/image_vectors/coorslight303.jpg.npy,9
output/coors/output/image_vectors/coorslight373.jpg.npy,4
output/coors/output/image_vectors/relaxing3.jpg.npy,19
output/coors/output/image_vectors/relaxing214.jpg.npy,7
output/coors/output/image_vectors/coorslight107.jpg.npy,18
output/coors/output/image_vectors/coorslight479.jpg.npy,9
output/coors/output/image_vectors/unplug85.jpg.npy,14
output/coors/output/image_vectors/relaxing194.jpg.npy,1
output/coors/output/image_vectors/relaxing95.jpg.npy,13
output/coors/output/image_vectors/unplug259.jpg.npy,8
output/coors/output/image_vectors/unplug242.jpg.npy,0
output/coors/output/image_vectors/chilling165.jpg.npy,1
output/coors/output/image_vectors/coorslight69.jpg.npy,16
output/coors/output/image_vectors/chilling0.jpg.npy,6
output/coors/output/image_vectors/relaxing270.jpg.npy,10
output/coors/output/image_vectors/unplug81.jpg.npy,7
output/coors/output/image_vectors/coorslight205.jpg.npy,9
output/coors/output/image_vectors/unplug295.jpg.npy,17
output/coors/output/image_vectors/chilling134.jpg.npy,16
output/coors/output/image_vectors/unplug142.jpg.npy,5
output/coors/output/image_vectors/relaxing246.jpg.npy,1
output/coors/output/image_vectors/coorslight27.jpg.npy,10
output/coors/output/image_vectors/coorslight181.jpg.npy,17
output/coors/output/image_vectors/unplug22.jpg.npy,6
output/coors/output/image_vectors/chilling123.jpg.npy,16
output/coors/output/image_vectors/unplug147.jpg.npy,2
output/coors/output/image_vectors/unplug129.jpg.npy,5
output/coors/output/image_vectors/unplug305.jpg.npy,10
output/coors/output/image_vectors/coorslight213.jpg.npy,11
output/coors/output/image_vectors/coorslight321.jpg.npy,7
output/coors/output/image_vectors/unplug125.jpg.npy,10
output/coors/output/image_vectors/relaxing178.jpg.npy,18
output/coors/output/image_vectors/unplug222.jpg.npy,19
output/coors/output/image_vectors/coorslight59.jpg.npy,9
output/coors/output/image_vectors/chilling243.jpg.npy,8
output/coors/output/image_vectors/unplug101.jpg.npy,17
output/coors/output/image_vectors/relaxing91.jpg.npy,13
output/coors/output/image_vectors/unplug296.jpg.npy,2
output/coors/output/image_vectors/unplug3.jpg.npy,7
output/coors/output/image_vectors/unplug5.jpg.npy,10
output/coors/output/image_vectors/coorslight44.jpg.npy,18
output/coors/output/image_vectors/chilling70.jpg.npy,7
output/coors/output/image_vectors/coorslight338.jpg.npy,7
output/coors/output/image_vectors/unplug252.jpg.npy,2
output/coors/output/image_vectors/chilling22.jpg.npy,7
output/coors/output/image_vectors/coorslight327.jpg.npy,11
output/coors/output/image_vectors/coorslight3.jpg.npy,10
output/coors/output/image_vectors/relaxing109.jpg.npy,19
output/coors/output/image_vectors/unplug137.jpg.npy,4
output/coors/output/image_vectors/coorslight25.jpg.npy,16
output/coors/output/image_vectors/chilling198.jpg.npy,13
output/coors/output/image_vectors/chilling65.jpg.npy,8
output/coors/output/image_vectors/unplug255.jpg.npy,1
output/coors/output/image_vectors/coorslight259.jpg.npy,7
output/coors/output/image_vectors/coorslight82.jpg.npy,7
output/coors/output/image_vectors/chilling248.jpg.npy,8
output/coors/output/image_vectors/chilling80.jpg.npy,4
output/coors/output/image_vectors/unplug294.jpg.npy,4
output/coors/output/image_vectors/relaxing180.jpg.npy,11
output/coors/output/image_vectors/unplug132.jpg.npy,0
output/coors/output/image_vectors/chilling32.jpg.npy,16
output/coors/output/image_vectors/coorslight503.jpg.npy,4
output/coors/output/image_vectors/chilling296.jpg.npy,4
output/coors/output/image_vectors/relaxing41.jpg.npy,11
output/coors/output/image_vectors/unplug229.jpg.npy,6
output/coors/output/image_vectors/relaxing271.jpg.npy,10
output/coors/output/image_vectors/coorslight403.jpg.npy,18
output/coors/output/image_vectors/coorslight216.jpg.npy,7
output/coors/output/image_vectors/coorslight488.jpg.npy,5
output/coors/output/image_vectors/relaxing289.jpg.npy,9
output/coors/output/image_vectors/coorslight167.jpg.npy,14
output/coors/output/image_vectors/coorslight411.jpg.npy,17
output/coors/output/image_vectors/relaxing105.jpg.npy,16
output/coors/output/image_vectors/coorslight164.jpg.npy,11
output/coors/output/image_vectors/relaxing131.jpg.npy,0
output/coors/output/image_vectors/chilling255.jpg.npy,16
output/coors/output/image_vectors/coorslight212.jpg.npy,18
output/coors/output/image_vectors/relaxing223.jpg.npy,1
output/coors/output/image_vectors/chilling282.jpg.npy,17
output/coors/output/image_vectors/chilling66.jpg.npy,8
output/coors/output/image_vectors/chilling193.jpg.npy,6
output/coors/output/image_vectors/relaxing50.jpg.npy,17
output/coors/output/image_vectors/chilling307.jpg.npy,10
output/coors/output/image_vectors/coorslight437.jpg.npy,9
output/coors/output/image_vectors/coorslight255.jpg.npy,14
output/coors/output/image_vectors/coorslight109.jpg.npy,16
output/coors/output/image_vectors/unplug284.jpg.npy,7
output/coors/output/image_vectors/chilling188.jpg.npy,4
output/coors/output/image_vectors/chilling156.jpg.npy,16
output/coors/output/image_vectors/relaxing303.jpg.npy,16
output/coors/output/image_vectors/chilling260.jpg.npy,8
output/coors/output/image_vectors/coorslight68.jpg.npy,17
output/coors/output/image_vectors/unplug64.jpg.npy,19
output/coors/output/image_vectors/chilling286.jpg.npy,1
output/coors/output/image_vectors/coorslight512.jpg.npy,8
output/coors/output/image_vectors/coorslight40.jpg.npy,9
output/coors/output/image_vectors/relaxing305.jpg.npy,11
output/coors/output/image_vectors/chilling273.jpg.npy,11
output/coors/output/image_vectors/coorslight29.jpg.npy,18
output/coors/output/image_vectors/unplug75.jpg.npy,0
output/coors/output/image_vectors/coorslight465.jpg.npy,11
output/coors/output/image_vectors/coorslight311.jpg.npy,10
output/coors/output/image_vectors/unplug288.jpg.npy,10
output/coors/output/image_vectors/unplug144.jpg.npy,2
output/coors/output/image_vectors/unplug16.jpg.npy,8
output/coors/output/image_vectors/unplug11.jpg.npy,7
output/coors/output/image_vectors/relaxing176.jpg.npy,4
output/coors/output/image_vectors/chilling15.jpg.npy,4
output/coors/output/image_vectors/chilling105.jpg.npy,6
output/coors/output/image_vectors/coorslight233.jpg.npy,9
output/coors/output/image_vectors/unplug89.jpg.npy,8
output/coors/output/image_vectors/relaxing209.jpg.npy,18
output/coors/output/image_vectors/relaxing135.jpg.npy,11
output/coors/output/image_vectors/unplug51.jpg.npy,17
output/coors/output/image_vectors/coorslight315.jpg.npy,18
output/coors/output/image_vectors/unplug150.jpg.npy,3
output/coors/output/image_vectors/chilling21.jpg.npy,19
output/coors/output/image_vectors/unplug134.jpg.npy,13
output/coors/output/image_vectors/coorslight93.jpg.npy,4
output/coors/output/image_vectors/coorslight494.jpg.npy,4
output/coors/output/image_vectors/chilling135.jpg.npy,5
output/coors/output/image_vectors/relaxing33.jpg.npy,7
output/coors/output/image_vectors/relaxing282.jpg.npy,18
output/coors/output/image_vectors/coorslight253.jpg.npy,17
output/coors/output/image_vectors/chilling197.jpg.npy,0
output/coors/output/image_vectors/coorslight468.jpg.npy,8
output/coors/output/image_vectors/unplug232.jpg.npy,2
output/coors/output/image_vectors/chilling250.jpg.npy,0
output/coors/output/image_vectors/unplug216.jpg.npy,16
output/coors/output/image_vectors/chilling113.jpg.npy,11
output/coors/output/image_vectors/relaxing122.jpg.npy,0
output/coors/output/image_vectors/chilling163.jpg.npy,5
output/coors/output/image_vectors/chilling256.jpg.npy,19
output/coors/output/image_vectors/unplug141.jpg.npy,4
output/coors/output/image_vectors/unplug261.jpg.npy,7
output/coors/output/image_vectors/relaxing298.jpg.npy,16
output/coors/output/image_vectors/relaxing75.jpg.npy,7
output/coors/output/image_vectors/unplug219.jpg.npy,14
output/coors/output/image_vectors/coorslight117.jpg.npy,19
output/coors/output/image_vectors/relaxing156.jpg.npy,7
output/coors/output/image_vectors/unplug135.jpg.npy,1
output/coors/output/image_vectors/coorslight116.jpg.npy,3
output/coors/output/image_vectors/unplug280.jpg.npy,7
output/coors/output/image_vectors/coorslight471.jpg.npy,3
output/coors/output/image_vectors/coorslight77.jpg.npy,3
output/coors/output/image_vectors/coorslight304.jpg.npy,11
output/coors/output/image_vectors/unplug41.jpg.npy,16
output/coors/output/image_vectors/coorslight442.jpg.npy,6
output/coors/output/image_vectors/relaxing66.jpg.npy,6
output/coors/output/image_vectors/coorslight283.jpg.npy,3
output/coors/output/image_vectors/chilling76.jpg.npy,6
output/coors/output/image_vectors/relaxing150.jpg.npy,0
output/coors/output/image_vectors/unplug24.jpg.npy,16
output/coors/output/image_vectors/coorslight83.jpg.npy,11
output/coors/output/image_vectors/relaxing31.jpg.npy,5
output/coors/output/image_vectors/coorslight264.jpg.npy,16
output/coors/output/image_vectors/coorslight60.jpg.npy,9
output/coors/output/image_vectors/coorslight347.jpg.npy,18
output/coors/output/image_vectors/relaxing207.jpg.npy,3
output/coors/output/image_vectors/coorslight394.jpg.npy,10
output/coors/output/image_vectors/unplug108.jpg.npy,8
output/coors/output/image_vectors/chilling288.jpg.npy,13
output/coors/output/image_vectors/coorslight443.jpg.npy,3
output/coors/output/image_vectors/coorslight491.jpg.npy,7
output/coors/output/image_vectors/coorslight10.jpg.npy,11
output/coors/output/image_vectors/relaxing117.jpg.npy,8
output/coors/output/image_vectors/chilling59.jpg.npy,17
output/coors/output/image_vectors/coorslight287.jpg.npy,14
output/coors/output/image_vectors/unplug128.jpg.npy,11
output/coors/output/image_vectors/chilling306.jpg.npy,1
output/coors/output/image_vectors/relaxing24.jpg.npy,7
output/coors/output/image_vectors/coorslight277.jpg.npy,11
output/coors/output/image_vectors/chilling29.jpg.npy,11
output/coors/output/image_vectors/chilling216.jpg.npy,4
output/coors/output/image_vectors/chilling142.jpg.npy,7
output/coors/output/image_vectors/coorslight43.jpg.npy,9
output/coors/output/image_vectors/chilling23.jpg.npy,19
output/coors/output/image_vectors/unplug285.jpg.npy,0
output/coors/output/image_vectors/relaxing26.jpg.npy,10
output/coors/output/image_vectors/coorslight441.jpg.npy,4
output/coors/output/image_vectors/relaxing275.jpg.npy,19
output/coors/output/image_vectors/chilling232.jpg.npy,19
output/coors/output/image_vectors/chilling57.jpg.npy,17
output/coors/output/image_vectors/chilling44.jpg.npy,7
output/coors/output/image_vectors/chilling136.jpg.npy,1
output/coors/output/image_vectors/chilling14.jpg.npy,11
output/coors/output/image_vectors/unplug136.jpg.npy,0
output/coors/output/image_vectors/relaxing302.jpg.npy,16
output/coors/output/image_vectors/coorslight435.jpg.npy,10
output/coors/output/image_vectors/relaxing250.jpg.npy,10
output/coors/output/image_vectors/coorslight65.jpg.npy,8
output/coors/output/image_vectors/unplug181.jpg.npy,0
output/coors/output/image_vectors/unplug207.jpg.npy,19
output/coors/output/image_vectors/chilling42.jpg.npy,11
output/coors/output/image_vectors/chilling245.jpg.npy,11
output/coors/output/image_vectors/unplug121.jpg.npy,17
output/coors/output/image_vectors/relaxing165.jpg.npy,0
output/coors/output/image_vectors/coorslight106.jpg.npy,3
output/coors/output/image_vectors/coorslight143.jpg.npy,9
output/coors/output/image_vectors/coorslight266.jpg.npy,17
output/coors/output/image_vectors/chilling30.jpg.npy,7
output/coors/output/image_vectors/relaxing216.jpg.npy,17
output/coors/output/image_vectors/relaxing191.jpg.npy,0
output/coors/output/image_vectors/chilling26.jpg.npy,9
output/coors/output/image_vectors/coorslight114.jpg.npy,9
output/coors/output/image_vectors/coorslight194.jpg.npy,9
output/coors/output/image_vectors/unplug28.jpg.npy,17
output/coors/output/image_vectors/coorslight486.jpg.npy,11
output/coors/output/image_vectors/coorslight70.jpg.npy,11
output/coors/output/image_vectors/coorslight146.jpg.npy,11
output/coors/output/image_vectors/chilling210.jpg.npy,11
output/coors/output/image_vectors/relaxing54.jpg.npy,10
output/coors/output/image_vectors/coorslight94.jpg.npy,9
output/coors/output/image_vectors/coorslight145.jpg.npy,7
output/coors/output/image_vectors/coorslight8.jpg.npy,10
output/coors/output/image_vectors/coorslight460.jpg.npy,9
output/coors/output/image_vectors/relaxing307.jpg.npy,1
output/coors/output/image_vectors/coorslight110.jpg.npy,19
output/coors/output/image_vectors/chilling118.jpg.npy,8
output/coors/output/image_vectors/chilling43.jpg.npy,8
output/coors/output/image_vectors/coorslight113.jpg.npy,19
output/coors/output/image_vectors/coorslight445.jpg.npy,18
output/coors/output/image_vectors/coorslight356.jpg.npy,0
output/coors/output/image_vectors/unplug233.jpg.npy,4
output/coors/output/image_vectors/chilling38.jpg.npy,16
output/coors/output/image_vectors/chilling25.jpg.npy,13
output/coors/output/image_vectors/coorslight507.jpg.npy,7
output/coors/output/image_vectors/relaxing255.jpg.npy,7
output/coors/output/image_vectors/coorslight329.jpg.npy,8
output/coors/output/image_vectors/relaxing123.jpg.npy,11
output/coors/output/image_vectors/unplug153.jpg.npy,5
output/coors/output/image_vectors/coorslight183.jpg.npy,17
output/coors/output/image_vectors/relaxing189.jpg.npy,7
output/coors/output/image_vectors/chilling205.jpg.npy,16
output/coors/output/image_vectors/coorslight7.jpg.npy,9
output/coors/output/image_vectors/coorslight420.jpg.npy,3
output/coors/output/image_vectors/relaxing47.jpg.npy,11
output/coors/output/image_vectors/chilling112.jpg.npy,17
output/coors/output/image_vectors/chilling138.jpg.npy,7
output/coors/output/image_vectors/coorslight187.jpg.npy,11
output/coors/output/image_vectors/coorslight34.jpg.npy,9
output/coors/output/image_vectors/coorslight234.jpg.npy,9
output/coors/output/image_vectors/relaxing36.jpg.npy,17
output/coors/output/image_vectors/chilling160.jpg.npy,2
output/coors/output/image_vectors/coorslight475.jpg.npy,11
output/coors/output/image_vectors/unplug237.jpg.npy,14
output/coors/output/image_vectors/coorslight88.jpg.npy,9
output/coors/output/image_vectors/chilling45.jpg.npy,11
output/coors/output/image_vectors/relaxing7.jpg.npy,0
output/coors/output/image_vectors/coorslight225.jpg.npy,3
output/coors/output/image_vectors/coorslight446.jpg.npy,5
output/coors/output/image_vectors/unplug17.jpg.npy,17
output/coors/output/image_vectors/unplug196.jpg.npy,19
output/coors/output/image_vectors/chilling281.jpg.npy,0
output/coors/output/image_vectors/relaxing143.jpg.npy,11
output/coors/output/image_vectors/chilling171.jpg.npy,17
output/coors/output/image_vectors/coorslight214.jpg.npy,10
output/coors/output/image_vectors/coorslight343.jpg.npy,5
output/coors/output/image_vectors/chilling295.jpg.npy,10
output/coors/output/image_vectors/unplug205.jpg.npy,10
output/coors/output/image_vectors/unplug159.jpg.npy,16
output/coors/output/image_vectors/unplug304.jpg.npy,3
output/coors/output/image_vectors/relaxing49.jpg.npy,16
output/coors/output/image_vectors/coorslight342.jpg.npy,16
output/coors/output/image_vectors/chilling48.jpg.npy,11
output/coors/output/image_vectors/unplug73.jpg.npy,6
output/coors/output/image_vectors/chilling259.jpg.npy,8
output/coors/output/image_vectors/relaxing45.jpg.npy,11
output/coors/output/image_vectors/relaxing182.jpg.npy,5
output/coors/output/image_vectors/relaxing94.jpg.npy,16
output/coors/output/image_vectors/chilling236.jpg.npy,13
output/coors/output/image_vectors/unplug220.jpg.npy,16
output/coors/output/image_vectors/relaxing169.jpg.npy,11
output/coors/output/image_vectors/coorslight418.jpg.npy,7
output/coors/output/image_vectors/coorslight49.jpg.npy,17
output/coors/output/image_vectors/unplug139.jpg.npy,18
output/coors/output/image_vectors/coorslight41.jpg.npy,11
output/coors/output/image_vectors/coorslight296.jpg.npy,8
output/coors/output/image_vectors/relaxing82.jpg.npy,0
output/coors/output/image_vectors/chilling268.jpg.npy,16
output/coors/output/image_vectors/unplug67.jpg.npy,14
output/coors/output/image_vectors/coorslight115.jpg.npy,3
output/coors/output/image_vectors/unplug119.jpg.npy,11
output/coors/output/image_vectors/chilling303.jpg.npy,4
output/coors/output/image_vectors/coorslight196.jpg.npy,9
output/coors/output/image_vectors/unplug39.jpg.npy,7
output/coors/output/image_vectors/coorslight424.jpg.npy,3
output/coors/output/image_vectors/relaxing233.jpg.npy,11
output/coors/output/image_vectors/relaxing240.jpg.npy,7
output/coors/output/image_vectors/unplug192.jpg.npy,10
output/coors/output/image_vectors/relaxing221.jpg.npy,19
output/coors/output/image_vectors/coorslight241.jpg.npy,16
output/coors/output/image_vectors/chilling149.jpg.npy,11
output/coors/output/image_vectors/coorslight189.jpg.npy,19
output/coors/output/image_vectors/unplug176.jpg.npy,11
output/coors/output/image_vectors/coorslight348.jpg.npy,7
output/coors/output/image_vectors/coorslight218.jpg.npy,14
output/coors/output/image_vectors/relaxing38.jpg.npy,16
output/coors/output/image_vectors/unplug122.jpg.npy,2
output/coors/output/image_vectors/relaxing136.jpg.npy,11
output/coors/output/image_vectors/coorslight369.jpg.npy,4
output/coors/output/image_vectors/chilling180.jpg.npy,7
output/coors/output/image_vectors/relaxing137.jpg.npy,11
output/coors/output/image_vectors/unplug104.jpg.npy,6
output/coors/output/image_vectors/unplug292.jpg.npy,4
output/coors/output/image_vectors/unplug130.jpg.npy,16
output/coors/output/image_vectors/chilling102.jpg.npy,8
output/coors/output/image_vectors/coorslight119.jpg.npy,7
output/coors/output/image_vectors/coorslight201.jpg.npy,8
output/coors/output/image_vectors/chilling285.jpg.npy,5
output/coors/output/image_vectors/chilling209.jpg.npy,7
output/coors/output/image_vectors/relaxing140.jpg.npy,19
output/coors/output/image_vectors/chilling235.jpg.npy,19
output/coors/output/image_vectors/coorslight81.jpg.npy,3
output/coors/output/image_vectors/chilling214.jpg.npy,7
output/coors/output/image_vectors/unplug215.jpg.npy,1
output/coors/output/image_vectors/unplug302.jpg.npy,12
output/coors/output/image_vectors/unplug106.jpg.npy,14
output/coors/output/image_vectors/coorslight51.jpg.npy,8
output/coors/output/image_vectors/chilling169.jpg.npy,4
output/coors/output/image_vectors/unplug56.jpg.npy,0
output/coors/output/image_vectors/unplug179.jpg.npy,19
output/coors/output/image_vectors/chilling35.jpg.npy,13
output/coors/output/image_vectors/unplug31.jpg.npy,3
output/coors/output/image_vectors/chilling227.jpg.npy,0
output/coors/output/image_vectors/relaxing237.jpg.npy,16
output/coors/output/image_vectors/relaxing64.jpg.npy,11
output/coors/output/image_vectors/unplug43.jpg.npy,14
output/coors/output/image_vectors/relaxing85.jpg.npy,0
output/coors/output/image_vectors/chilling36.jpg.npy,16
output/coors/output/image_vectors/unplug227.jpg.npy,7
output/coors/output/image_vectors/relaxing21.jpg.npy,15
output/coors/output/image_vectors/coorslight158.jpg.npy,9
output/coors/output/image_vectors/unplug204.jpg.npy,17
output/coors/output/image_vectors/coorslight464.jpg.npy,17
output/coors/output/image_vectors/coorslight251.jpg.npy,5
output/coors/output/image_vectors/coorslight239.jpg.npy,9
output/coors/output/image_vectors/chilling13.jpg.npy,18
output/coors/output/image_vectors/unplug240.jpg.npy,7
output/coors/output/image_vectors/unplug287.jpg.npy,16
output/coors/output/image_vectors/unplug266.jpg.npy,16
output/coors/output/image_vectors/coorslight172.jpg.npy,14
output/coors/output/image_vectors/coorslight362.jpg.npy,7
output/coors/output/image_vectors/coorslight279.jpg.npy,11
output/coors/output/image_vectors/chilling233.jpg.npy,16
output/coors/output/image_vectors/unplug61.jpg.npy,2
output/coors/output/image_vectors/relaxing111.jpg.npy,0
output/coors/output/image_vectors/coorslight463.jpg.npy,9
output/coors/output/image_vectors/coorslight350.jpg.npy,9
output/coors/output/image_vectors/relaxing262.jpg.npy,16
output/coors/output/image_vectors/relaxing291.jpg.npy,5
output/coors/output/image_vectors/chilling54.jpg.npy,13
output/coors/output/image_vectors/coorslight242.jpg.npy,18
output/coors/output/image_vectors/chilling219.jpg.npy,11
output/coors/output/image_vectors/chilling121.jpg.npy,6
output/coors/output/image_vectors/relaxing201.jpg.npy,7
output/coors/output/image_vectors/coorslight141.jpg.npy,6
output/coors/output/image_vectors/unplug155.jpg.npy,6
output/coors/output/image_vectors/coorslight258.jpg.npy,16
output/coors/output/image_vectors/coorslight363.jpg.npy,9
output/coors/output/image_vectors/coorslight100.jpg.npy,3
output/coors/output/image_vectors/coorslight227.jpg.npy,16
output/coors/output/image_vectors/chilling246.jpg.npy,10
output/coors/output/image_vectors/coorslight438.jpg.npy,18
output/coors/output/image_vectors/relaxing147.jpg.npy,6
output/coors/output/image_vectors/relaxing224.jpg.npy,6
output/coors/output/image_vectors/coorslight426.jpg.npy,7
output/coors/output/image_vectors/coorslight171.jpg.npy,9
output/coors/output/image_vectors/unplug307.jpg.npy,6
output/coors/output/image_vectors/coorslight154.jpg.npy,14
output/coors/output/image_vectors/relaxing273.jpg.npy,6
output/coors/output/image_vectors/relaxing304.jpg.npy,7
output/coors/output/image_vectors/relaxing58.jpg.npy,8
output/coors/output/image_vectors/chilling131.jpg.npy,1
output/coors/output/image_vectors/unplug63.jpg.npy,10
output/coors/output/image_vectors/relaxing266.jpg.npy,0
output/coors/output/image_vectors/chilling304.jpg.npy,11
output/coors/output/image_vectors/coorslight499.jpg.npy,4
output/coors/output/image_vectors/unplug114.jpg.npy,5
output/coors/output/image_vectors/coorslight47.jpg.npy,1
output/coors/output/image_vectors/unplug279.jpg.npy,17
output/coors/output/image_vectors/coorslight292.jpg.npy,3
output/coors/output/image_vectors/relaxing205.jpg.npy,1
output/coors/output/image_vectors/coorslight328.jpg.npy,16
output/coors/output/image_vectors/unplug40.jpg.npy,16
output/coors/output/image_vectors/relaxing101.jpg.npy,18
output/coors/output/image_vectors/coorslight501.jpg.npy,4
output/coors/output/image_vectors/relaxing84.jpg.npy,6
output/coors/output/image_vectors/coorslight263.jpg.npy,3
output/coors/output/image_vectors/chilling278.jpg.npy,19
output/coors/output/image_vectors/coorslight153.jpg.npy,13
output/coors/output/image_vectors/unplug164.jpg.npy,14
output/coors/output/image_vectors/unplug263.jpg.npy,1
output/coors/output/image_vectors/chilling284.jpg.npy,13
output/coors/output/image_vectors/coorslight487.jpg.npy,7
output/coors/output/image_vectors/relaxing97.jpg.npy,5
output/coors/output/image_vectors/coorslight483.jpg.npy,4
output/coors/output/image_vectors/unplug18.jpg.npy,5
output/coors/output/image_vectors/unplug52.jpg.npy,8
output/coors/output/image_vectors/coorslight341.jpg.npy,9
output/coors/output/image_vectors/chilling91.jpg.npy,19
output/coors/output/image_vectors/unplug10.jpg.npy,0
output/coors/output/image_vectors/coorslight286.jpg.npy,9
output/coors/output/image_vectors/chilling2.jpg.npy,7
output/coors/output/image_vectors/chilling212.jpg.npy,7
output/coors/output/image_vectors/coorslight125.jpg.npy,9
output/coors/output/image_vectors/relaxing43.jpg.npy,1
output/coors/output/image_vectors/unplug131.jpg.npy,0
output/coors/output/image_vectors/coorslight379.jpg.npy,11
output/coors/output/image_vectors/chilling272.jpg.npy,13
output/coors/output/image_vectors/unplug90.jpg.npy,8
output/coors/output/image_vectors/unplug37.jpg.npy,19
output/coors/output/image_vectors/relaxing185.jpg.npy,6
output/coors/output/image_vectors/coorslight162.jpg.npy,9
output/coors/output/image_vectors/unplug306.jpg.npy,17
output/coors/output/image_vectors/coorslight493.jpg.npy,10
output/coors/output/image_vectors/relaxing71.jpg.npy,16
output/coors/output/image_vectors/coorslight380.jpg.npy,18
output/coors/output/image_vectors/unplug146.jpg.npy,19
output/coors/output/image_vectors/unplug65.jpg.npy,11
output/coors/output/image_vectors/coorslight301.jpg.npy,0
output/coors/output/image_vectors/relaxing220.jpg.npy,6
output/coors/output/image_vectors/unplug156.jpg.npy,16
output/coors/output/image_vectors/unplug77.jpg.npy,16
output/coors/output/image_vectors/relaxing60.jpg.npy,9
output/coors/output/image_vectors/chilling287.jpg.npy,18
output/coors/output/image_vectors/coorslight351.jpg.npy,8
output/coors/output/image_vectors/chilling275.jpg.npy,11
output/coors/output/image_vectors/chilling96.jpg.npy,1
output/coors/output/image_vectors/relaxing6.jpg.npy,3
output/coors/output/image_vectors/unplug148.jpg.npy,19
output/coors/output/image_vectors/chilling187.jpg.npy,0
output/coors/output/image_vectors/relaxing113.jpg.npy,7
output/coors/output/image_vectors/unplug249.jpg.npy,10
output/coors/output/image_vectors/unplug290.jpg.npy,10
output/coors/output/image_vectors/coorslight120.jpg.npy,16
output/coors/output/image_vectors/coorslight28.jpg.npy,8
output/coors/output/image_vectors/unplug133.jpg.npy,7
output/coors/output/image_vectors/unplug182.jpg.npy,8
output/coors/output/image_vectors/chilling144.jpg.npy,6
output/coors/output/image_vectors/chilling201.jpg.npy,6
output/coors/output/image_vectors/coorslight408.jpg.npy,16
output/coors/output/image_vectors/chilling77.jpg.npy,7
output/coors/output/image_vectors/relaxing102.jpg.npy,10
output/coors/output/image_vectors/coorslight451.jpg.npy,18
output/coors/output/image_vectors/chilling172.jpg.npy,13
output/coors/output/image_vectors/unplug245.jpg.npy,16
output/coors/output/image_vectors/unplug214.jpg.npy,16
output/coors/output/image_vectors/unplug97.jpg.npy,11
output/coors/output/image_vectors/chilling257.jpg.npy,11
output/coors/output/image_vectors/unplug84.jpg.npy,16
output/coors/output/image_vectors/chilling224.jpg.npy,19
output/coors/output/image_vectors/relaxing106.jpg.npy,0
output/coors/output/image_vectors/coorslight492.jpg.npy,16
output/coors/output/image_vectors/relaxing103.jpg.npy,18
output/coors/output/image_vectors/relaxing294.jpg.npy,11
output/coors/output/image_vectors/unplug257.jpg.npy,11
output/coors/output/image_vectors/coorslight415.jpg.npy,16
output/coors/output/image_vectors/unplug87.jpg.npy,3
output/coors/output/image_vectors/relaxing8.jpg.npy,13
output/coors/output/image_vectors/coorslight265.jpg.npy,5
output/coors/output/image_vectors/relaxing129.jpg.npy,8
output/coors/output/image_vectors/chilling174.jpg.npy,11
output/coors/output/image_vectors/relaxing20.jpg.npy,1
output/coors/output/image_vectors/chilling61.jpg.npy,4
output/coors/output/image_vectors/coorslight357.jpg.npy,8
output/coors/output/image_vectors/coorslight433.jpg.npy,8
output/coors/output/image_vectors/chilling137.jpg.npy,8
output/coors/output/image_vectors/relaxing146.jpg.npy,0
output/coors/output/image_vectors/chilling9.jpg.npy,1
output/coors/output/image_vectors/relaxing92.jpg.npy,7
output/coors/output/image_vectors/unplug308.jpg.npy,14
output/coors/output/image_vectors/relaxing32.jpg.npy,16
output/coors/output/image_vectors/unplug289.jpg.npy,7
output/coors/output/image_vectors/coorslight53.jpg.npy,9
output/coors/output/image_vectors/coorslight240.jpg.npy,9
output/coors/output/image_vectors/unplug58.jpg.npy,17
output/coors/output/image_vectors/coorslight99.jpg.npy,17
output/coors/output/image_vectors/chilling95.jpg.npy,10
output/coors/output/image_vectors/coorslight247.jpg.npy,9
output/coors/output/image_vectors/coorslight192.jpg.npy,9
output/coors/output/image_vectors/unplug236.jpg.npy,16
output/coors/output/image_vectors/coorslight182.jpg.npy,6
output/coors/output/image_vectors/coorslight232.jpg.npy,16
output/coors/output/image_vectors/coorslight96.jpg.npy,10
output/coors/output/image_vectors/unplug32.jpg.npy,12
output/coors/output/image_vectors/unplug264.jpg.npy,8
output/coors/output/image_vectors/coorslight56.jpg.npy,13
output/coors/output/image_vectors/unplug88.jpg.npy,14
output/coors/output/image_vectors/coorslight261.jpg.npy,9
output/coors/output/image_vectors/coorslight312.jpg.npy,7
output/coors/output/image_vectors/coorslight450.jpg.npy,3
output/coors/output/image_vectors/coorslight359.jpg.npy,16
output/coors/output/image_vectors/chilling217.jpg.npy,11
output/coors/output/image_vectors/chilling28.jpg.npy,13
output/coors/output/image_vectors/chilling189.jpg.npy,19
output/coors/output/image_vectors/chilling162.jpg.npy,5
output/coors/output/image_vectors/coorslight313.jpg.npy,13
output/coors/output/image_vectors/chilling167.jpg.npy,19
output/coors/output/image_vectors/unplug112.jpg.npy,7
output/coors/output/image_vectors/unplug281.jpg.npy,17
output/coors/output/image_vectors/unplug212.jpg.npy,2
output/coors/output/image_vectors/unplug170.jpg.npy,10
output/coors/output/image_vectors/coorslight210.jpg.npy,18
output/coors/output/image_vectors/unplug211.jpg.npy,17
output/coors/output/image_vectors/relaxing244.jpg.npy,7
output/coors/output/image_vectors/coorslight485.jpg.npy,11
output/coors/output/image_vectors/coorslight297.jpg.npy,4
output/coors/output/image_vectors/unplug299.jpg.npy,14
output/coors/output/image_vectors/coorslight412.jpg.npy,9
output/coors/output/image_vectors/chilling251.jpg.npy,10
output/coors/output/image_vectors/relaxing285.jpg.npy,18
output/coors/output/image_vectors/coorslight298.jpg.npy,6
output/coors/output/image_vectors/coorslight477.jpg.npy,4
output/coors/output/image_vectors/coorslight387.jpg.npy,3
output/coors/output/image_vectors/coorslight203.jpg.npy,9
output/coors/output/image_vectors/coorslight151.jpg.npy,11
output/coors/output/image_vectors/chilling164.jpg.npy,7
output/coors/output/image_vectors/coorslight175.jpg.npy,14
output/coors/output/image_vectors/chilling89.jpg.npy,13
output/coors/output/image_vectors/coorslight381.jpg.npy,16
output/coors/output/image_vectors/relaxing86.jpg.npy,16
output/coors/output/image_vectors/relaxing148.jpg.npy,11
output/coors/output/image_vectors/relaxing55.jpg.npy,11
output/coors/output/image_vectors/unplug254.jpg.npy,11
output/coors/output/image_vectors/relaxing217.jpg.npy,0
output/coors/output/image_vectors/unplug13.jpg.npy,16
output/coors/output/image_vectors/chilling299.jpg.npy,4
output/coors/output/image_vectors/relaxing9.jpg.npy,17
output/coors/output/image_vectors/relaxing96.jpg.npy,11
output/coors/output/image_vectors/relaxing93.jpg.npy,7
output/coors/output/image_vectors/unplug234.jpg.npy,13
output/coors/output/image_vectors/relaxing247.jpg.npy,11
output/coors/output/image_vectors/relaxing27.jpg.npy,0
output/coors/output/image_vectors/coorslight500.jpg.npy,4
output/coors/output/image_vectors/chilling79.jpg.npy,13
output/coors/output/image_vectors/unplug189.jpg.npy,7
output/coors/output/image_vectors/chilling239.jpg.npy,4
output/coors/output/image_vectors/relaxing10.jpg.npy,0
output/coors/output/image_vectors/unplug30.jpg.npy,14
output/coors/output/image_vectors/relaxing181.jpg.npy,19
output/coors/output/image_vectors/coorslight276.jpg.npy,3
output/coors/output/image_vectors/coorslight11.jpg.npy,13
output/coors/output/image_vectors/unplug26.jpg.npy,16
output/coors/output/image_vectors/chilling258.jpg.npy,11
output/coors/output/image_vectors/unplug201.jpg.npy,3
output/coors/output/image_vectors/coorslight72.jpg.npy,5
output/coors/output/image_vectors/chilling78.jpg.npy,4
output/coors/output/image_vectors/unplug270.jpg.npy,14
output/coors/output/image_vectors/chilling99.jpg.npy,1
output/coors/output/image_vectors/chilling249.jpg.npy,16
output/coors/output/image_vectors/chilling94.jpg.npy,11
output/coors/output/image_vectors/chilling181.jpg.npy,7
output/coors/output/image_vectors/coorslight37.jpg.npy,7
output/coors/output/image_vectors/chilling293.jpg.npy,13
output/coors/output/image_vectors/coorslight129.jpg.npy,4
output/coors/output/image_vectors/relaxing70.jpg.npy,16
output/coors/output/image_vectors/chilling60.jpg.npy,17
output/coors/output/image_vectors/relaxing153.jpg.npy,13
output/coors/output/image_vectors/coorslight147.jpg.npy,19
output/coors/output/image_vectors/relaxing42.jpg.npy,13
output/coors/output/image_vectors/relaxing212.jpg.npy,0
output/coors/output/image_vectors/relaxing120.jpg.npy,16
output/coors/output/image_vectors/coorslight135.jpg.npy,18
output/coors/output/image_vectors/coorslight384.jpg.npy,9
output/coors/output/image_vectors/relaxing67.jpg.npy,5
output/coors/output/image_vectors/unplug27.jpg.npy,3
output/coors/output/image_vectors/relaxing187.jpg.npy,11
output/coors/output/image_vectors/unplug151.jpg.npy,3
output/coors/output/image_vectors/coorslight186.jpg.npy,11
output/coors/output/image_vectors/coorslight139.jpg.npy,18
output/coors/output/image_vectors/chilling166.jpg.npy,13
output/coors/output/image_vectors/unplug291.jpg.npy,10
output/coors/output/image_vectors/relaxing254.jpg.npy,16
output/coors/output/image_vectors/chilling207.jpg.npy,0
output/coors/output/image_vectors/coorslight133.jpg.npy,11
output/coors/output/image_vectors/coorslight39.jpg.npy,8
output/coors/output/image_vectors/relaxing199.jpg.npy,11
output/coors/output/image_vectors/unplug283.jpg.npy,3
output/coors/output/image_vectors/chilling20.jpg.npy,7
output/coors/output/image_vectors/coorslight48.jpg.npy,9
output/coors/output/image_vectors/coorslight309.jpg.npy,10
output/coors/output/image_vectors/unplug105.jpg.npy,5
output/coors/output/image_vectors/relaxing99.jpg.npy,0
output/coors/output/image_vectors/coorslight502.jpg.npy,4
output/coors/output/image_vectors/relaxing35.jpg.npy,7
output/coors/output/image_vectors/relaxing100.jpg.npy,11
output/coors/output/image_vectors/unplug178.jpg.npy,8
output/coors/output/image_vectors/chilling176.jpg.npy,14
output/coors/output/image_vectors/relaxing162.jpg.npy,0
output/coors/output/image_vectors/unplug96.jpg.npy,14
output/coors/output/image_vectors/relaxing79.jpg.npy,1
output/coors/output/image_vectors/chilling229.jpg.npy,16
output/coors/output/image_vectors/coorslight391.jpg.npy,13
output/coors/output/image_vectors/coorslight98.jpg.npy,14
output/coors/output/image_vectors/chilling111.jpg.npy,19
output/coors/output/image_vectors/chilling292.jpg.npy,1
output/coors/output/image_vectors/unplug241.jpg.npy,2
output/coors/output/image_vectors/relaxing230.jpg.npy,3
output/coors/output/image_vectors/relaxing116.jpg.npy,11
output/coors/output/image_vectors/coorslight416.jpg.npy,13
output/coors/output/image_vectors/unplug120.jpg.npy,2
output/coors/output/image_vectors/chilling10.jpg.npy,16
output/coors/output/image_vectors/unplug167.jpg.npy,7
output/coors/output/image_vectors/chilling3.jpg.npy,18
output/coors/output/image_vectors/coorslight90.jpg.npy,5
output/coors/output/image_vectors/chilling143.jpg.npy,6
output/coors/output/image_vectors/chilling41.jpg.npy,1
output/coors/output/image_vectors/coorslight224.jpg.npy,11
output/coors/output/image_vectors/unplug265.jpg.npy,10
output/coors/output/image_vectors/coorslight461.jpg.npy,16
output/coors/output/image_vectors/relaxing115.jpg.npy,19
output/coors/output/image_vectors/relaxing258.jpg.npy,18
output/coors/output/image_vectors/coorslight497.jpg.npy,16
output/coors/output/image_vectors/unplug195.jpg.npy,10
output/coors/output/image_vectors/chilling228.jpg.npy,16
output/coors/output/image_vectors/chilling211.jpg.npy,11
output/coors/output/image_vectors/coorslight271.jpg.npy,16
output/coors/output/image_vectors/relaxing283.jpg.npy,10
output/coors/output/image_vectors/relaxing30.jpg.npy,16
output/coors/output/image_vectors/relaxing296.jpg.npy,17
output/coors/output/image_vectors/coorslight402.jpg.npy,8
output/coors/output/image_vectors/chilling168.jpg.npy,11
output/coors/output/image_vectors/relaxing306.jpg.npy,10
output/coors/output/image_vectors/chilling93.jpg.npy,13
output/coors/output/image_vectors/relaxing279.jpg.npy,2
output/coors/output/image_vectors/coorslight305.jpg.npy,11
output/coors/output/image_vectors/coorslight79.jpg.npy,9
output/coors/output/image_vectors/unplug46.jpg.npy,17
output/coors/output/image_vectors/unplug152.jpg.npy,17
output/coors/output/image_vectors/coorslight159.jpg.npy,3
output/coors/output/image_vectors/relaxing22.jpg.npy,13
output/coors/output/image_vectors/coorslight4.jpg.npy,9
output/coors/output/image_vectors/coorslight121.jpg.npy,16
output/coors/output/image_vectors/unplug300.jpg.npy,14
output/coors/output/image_vectors/coorslight374.jpg.npy,13
output/coors/output/image_vectors/relaxing234.jpg.npy,16
output/coors/output/image_vectors/relaxing72.jpg.npy,18
output/coors/output/image_vectors/unplug143.jpg.npy,16
output/coors/output/image_vectors/unplug48.jpg.npy,19
output/coors/output/image_vectors/coorslight469.jpg.npy,9
output/coors/output/image_vectors/relaxing186.jpg.npy,11
output/coors/output/image_vectors/relaxing168.jpg.npy,13
output/coors/output/image_vectors/coorslight302.jpg.npy,11
output/coors/output/image_vectors/chilling196.jpg.npy,10
output/coors/output/image_vectors/chilling33.jpg.npy,11
output/coors/output/image_vectors/chilling266.jpg.npy,11
output/coors/output/image_vectors/chilling8.jpg.npy,16
output/coors/output/image_vectors/relaxing170.jpg.npy,16
output/coors/output/image_vectors/unplug224.jpg.npy,5
output/coors/output/image_vectors/coorslight5.jpg.npy,18
output/coors/output/image_vectors/coorslight252.jpg.npy,13
output/coors/output/image_vectors/relaxing69.jpg.npy,8
output/coors/output/image_vectors/coorslight358.jpg.npy,16
output/coors/output/image_vectors/coorslight148.jpg.npy,17
output/coors/output/image_vectors/unplug92.jpg.npy,3
output/coors/output/image_vectors/chilling279.jpg.npy,0
output/coors/output/image_vectors/unplug33.jpg.npy,3
output/coors/output/image_vectors/relaxing57.jpg.npy,8
output/coors/output/image_vectors/coorslight462.jpg.npy,7
output/coors/output/image_vectors/coorslight392.jpg.npy,16
output/coors/output/image_vectors/unplug273.jpg.npy,6
output/coors/output/image_vectors/coorslight245.jpg.npy,4
output/coors/output/image_vectors/unplug116.jpg.npy,11
output/coors/output/image_vectors/relaxing256.jpg.npy,10
output/coors/output/image_vectors/chilling242.jpg.npy,19
output/coors/output/image_vectors/chilling199.jpg.npy,10
output/coors/output/image_vectors/coorslight229.jpg.npy,3
output/coors/output/image_vectors/unplug191.jpg.npy,10
output/coors/output/image_vectors/unplug184.jpg.npy,8
output/coors/output/image_vectors/chilling81.jpg.npy,1
output/coors/output/image_vectors/relaxing300.jpg.npy,7
output/coors/output/image_vectors/chilling140.jpg.npy,0
output/coors/output/image_vectors/chilling202.jpg.npy,13
output/coors/output/image_vectors/unplug86.jpg.npy,14
output/coors/output/image_vectors/relaxing295.jpg.npy,5
output/coors/output/image_vectors/coorslight22.jpg.npy,16
output/coors/output/image_vectors/coorslight278.jpg.npy,16
output/coors/output/image_vectors/coorslight262.jpg.npy,9
output/coors/output/image_vectors/chilling37.jpg.npy,0
output/coors/output/image_vectors/chilling117.jpg.npy,4
output/coors/output/image_vectors/chilling46.jpg.npy,1
output/coors/output/image_vectors/unplug171.jpg.npy,10
output/coors/output/image_vectors/coorslight511.jpg.npy,16
output/coors/output/image_vectors/relaxing183.jpg.npy,11
output/coors/output/image_vectors/coorslight97.jpg.npy,7
output/coors/output/image_vectors/chilling206.jpg.npy,0
output/coors/output/image_vectors/coorslight156.jpg.npy,8
output/coors/output/image_vectors/coorslight55.jpg.npy,16
output/coors/output/image_vectors/chilling274.jpg.npy,11
output/coors/output/image_vectors/chilling271.jpg.npy,5
output/coors/output/image_vectors/relaxing231.jpg.npy,16
output/coors/output/image_vectors/coorslight456.jpg.npy,9
output/coors/output/image_vectors/chilling300.jpg.npy,8
output/coors/output/image_vectors/relaxing125.jpg.npy,0
output/coors/output/image_vectors/coorslight400.jpg.npy,9
output/coors/output/image_vectors/chilling116.jpg.npy,10
output/coors/output/image_vectors/relaxing98.jpg.npy,1
output/coors/output/image_vectors/relaxing288.jpg.npy,1
output/coors/output/image_vectors/unplug100.jpg.npy,10
output/coors/output/image_vectors/chilling16.jpg.npy,1
output/coors/output/image_vectors/chilling67.jpg.npy,16
output/coors/output/image_vectors/chilling141.jpg.npy,19
output/coors/output/image_vectors/relaxing229.jpg.npy,6
output/coors/output/image_vectors/coorslight73.jpg.npy,16
output/coors/output/image_vectors/chilling6.jpg.npy,7
output/coors/output/image_vectors/coorslight482.jpg.npy,18
output/coors/output/image_vectors/coorslight405.jpg.npy,5
output/coors/output/image_vectors/coorslight118.jpg.npy,13
output/coors/output/image_vectors/coorslight75.jpg.npy,11
output/coors/output/image_vectors/unplug243.jpg.npy,11
output/coors/output/image_vectors/relaxing145.jpg.npy,3
output/coors/output/image_vectors/unplug185.jpg.npy,5
output/coors/output/image_vectors/coorslight352.jpg.npy,4
output/coors/output/image_vectors/unplug50.jpg.npy,11
output/coors/output/image_vectors/chilling203.jpg.npy,1
output/coors/output/image_vectors/coorslight71.jpg.npy,4
output/coors/output/image_vectors/unplug180.jpg.npy,6
output/coors/output/image_vectors/unplug235.jpg.npy,0
output/coors/output/image_vectors/coorslight134.jpg.npy,5
output/coors/output/image_vectors/coorslight268.jpg.npy,13
output/coors/output/image_vectors/unplug149.jpg.npy,4
output/coors/output/image_vectors/coorslight54.jpg.npy,11
output/coors/output/image_vectors/chilling194.jpg.npy,11
output/coors/output/image_vectors/relaxing238.jpg.npy,19
output/coors/output/image_vectors/unplug117.jpg.npy,2
output/coors/output/image_vectors/relaxing124.jpg.npy,7
output/coors/output/image_vectors/relaxing23.jpg.npy,6
output/coors/output/image_vectors/coorslight288.jpg.npy,7
output/coors/output/image_vectors/coorslight87.jpg.npy,16
output/coors/output/image_vectors/relaxing65.jpg.npy,19
output/coors/output/image_vectors/relaxing193.jpg.npy,10
output/coors/output/image_vectors/chilling106.jpg.npy,19
output/coors/output/image_vectors/relaxing257.jpg.npy,19
output/coors/output/image_vectors/chilling128.jpg.npy,17
output/coors/output/image_vectors/coorslight390.jpg.npy,4
output/coors/output/image_vectors/unplug244.jpg.npy,19
output/coors/output/image_vectors/unplug190.jpg.npy,14
output/coors/output/image_vectors/coorslight331.jpg.npy,17
output/coors/output/image_vectors/chilling262.jpg.npy,7
output/coors/output/image_vectors/unplug253.jpg.npy,3
output/coors/output/image_vectors/coorslight448.jpg.npy,8
output/coors/output/image_vectors/unplug258.jpg.npy,10
output/coors/output/image_vectors/coorslight23.jpg.npy,4
output/coors/output/image_vectors/coorslight102.jpg.npy,3
output/coors/output/image_vectors/chilling119.jpg.npy,4
output/coors/output/image_vectors/coorslight272.jpg.npy,5
output/coors/output/image_vectors/relaxing226.jpg.npy,0
output/coors/output/image_vectors/chilling4.jpg.npy,18
output/coors/output/image_vectors/coorslight84.jpg.npy,13
output/coors/output/image_vectors/coorslight274.jpg.npy,5
output/coors/output/image_vectors/relaxing259.jpg.npy,16
output/coors/output/image_vectors/unplug45.jpg.npy,16
output/coors/output/image_vectors/unplug68.jpg.npy,11
output/coors/output/image_vectors/coorslight18.jpg.npy,18
output/coors/output/image_vectors/unplug6.jpg.npy,10
output/coors/output/image_vectors/coorslight325.jpg.npy,8
output/coors/output/image_vectors/relaxing5.jpg.npy,1
output/coors/output/image_vectors/chilling161.jpg.npy,16
output/coors/output/image_vectors/coorslight440.jpg.npy,10
output/coors/output/image_vectors/coorslight19.jpg.npy,19
output/coors/output/image_vectors/relaxing204.jpg.npy,10
output/coors/output/image_vectors/coorslight188.jpg.npy,3
output/coors/output/image_vectors/relaxing206.jpg.npy,16
output/coors/output/image_vectors/chilling114.jpg.npy,11
output/coors/output/image_vectors/coorslight290.jpg.npy,17
output/coors/output/image_vectors/coorslight78.jpg.npy,9
output/coors/output/image_vectors/chilling75.jpg.npy,6
output/coors/output/image_vectors/unplug157.jpg.npy,2
output/coors/output/image_vectors/relaxing242.jpg.npy,16
output/coors/output/image_vectors/coorslight219.jpg.npy,4
output/coors/output/image_vectors/coorslight457.jpg.npy,7
output/coors/output/image_vectors/relaxing268.jpg.npy,10
output/coors/output/image_vectors/unplug298.jpg.npy,0
output/coors/output/image_vectors/chilling147.jpg.npy,6
output/coors/output/image_vectors/coorslight21.jpg.npy,8
output/coors/output/image_vectors/chilling291.jpg.npy,16
output/coors/output/image_vectors/unplug107.jpg.npy,8
output/coors/output/image_vectors/relaxing175.jpg.npy,19
output/coors/output/image_vectors/unplug274.jpg.npy,9
output/coors/output/image_vectors/unplug115.jpg.npy,2
output/coors/output/image_vectors/unplug126.jpg.npy,8
output/coors/output/image_vectors/unplug69.jpg.npy,2
output/coors/output/image_vectors/coorslight220.jpg.npy,4
output/coors/output/image_vectors/chilling87.jpg.npy,16
output/coors/output/image_vectors/relaxing232.jpg.npy,7
output/coors/output/image_vectors/coorslight430.jpg.npy,9
output/coors/output/image_vectors/unplug21.jpg.npy,3
output/coors/output/image_vectors/coorslight1.jpg.npy,13
output/coors/output/image_vectors/relaxing280.jpg.npy,10
output/coors/output/image_vectors/chilling158.jpg.npy,10
output/coors/output/image_vectors/coorslight6.jpg.npy,11
output/coors/output/image_vectors/relaxing39.jpg.npy,0
output/coors/output/image_vectors/unplug62.jpg.npy,11
output/coors/output/image_vectors/chilling179.jpg.npy,6
output/coors/output/image_vectors/coorslight126.jpg.npy,4
output/coors/output/image_vectors/coorslight489.jpg.npy,13
output/coors/output/image_vectors/unplug34.jpg.npy,3
output/coors/output/image_vectors/relaxing188.jpg.npy,16
output/coors/output/image_vectors/chilling200.jpg.npy,11
output/coors/output/image_vectors/chilling151.jpg.npy,5
output/coors/output/image_vectors/coorslight174.jpg.npy,14
output/coors/output/image_vectors/coorslight398.jpg.npy,16
output/coors/output/image_vectors/unplug124.jpg.npy,14
output/coors/output/image_vectors/unplug256.jpg.npy,11
output/coors/output/image_vectors/unplug95.jpg.npy,16
output/coors/output/image_vectors/coorslight163.jpg.npy,14
output/coors/output/image_vectors/relaxing51.jpg.npy,12
output/coors/output/image_vectors/unplug145.jpg.npy,17
output/coors/output/image_vectors/chilling220.jpg.npy,16
output/coors/output/image_vectors/chilling298.jpg.npy,6
output/coors/output/image_vectors/relaxing25.jpg.npy,0
output/coors/output/image_vectors/unplug140.jpg.npy,4
output/coors/output/image_vectors/relaxing228.jpg.npy,5
output/coors/output/image_vectors/relaxing202.jpg.npy,11
output/coors/output/image_vectors/coorslight137.jpg.npy,18
output/coors/output/image_vectors/chilling191.jpg.npy,7
output/coors/output/image_vectors/coorslight105.jpg.npy,9
output/coors/output/image_vectors/chilling56.jpg.npy,0
output/coors/output/image_vectors/coorslight490.jpg.npy,11
output/coors/output/image_vectors/relaxing4.jpg.npy,6
output/coors/output/image_vectors/coorslight140.jpg.npy,4
output/coors/output/image_vectors/unplug262.jpg.npy,13
output/coors/output/image_vectors/relaxing159.jpg.npy,19
output/coors/output/image_vectors/chilling5.jpg.npy,6
output/coors/output/image_vectors/coorslight340.jpg.npy,9
output/coors/output/image_vectors/unplug1.jpg.npy,14
output/coors/output/image_vectors/unplug187.jpg.npy,19
output/coors/output/image_vectors/unplug188.jpg.npy,16
output/coors/output/image_vectors/coorslight15.jpg.npy,16
output/coors/output/image_vectors/chilling213.jpg.npy,4
output/coors/output/image_vectors/coorslight52.jpg.npy,3
output/coors/output/image_vectors/unplug99.jpg.npy,17
output/coors/output/image_vectors/chilling64.jpg.npy,19
output/coors/output/image_vectors/relaxing128.jpg.npy,1
output/coors/output/image_vectors/chilling98.jpg.npy,0
output/coors/output/image_vectors/relaxing121.jpg.npy,10
output/coors/output/image_vectors/relaxing292.jpg.npy,14
output/coors/output/image_vectors/relaxing119.jpg.npy,11
output/coors/output/image_vectors/relaxing1.jpg.npy,8
output/coors/output/image_vectors/unplug271.jpg.npy,16
output/coors/output/image_vectors/chilling124.jpg.npy,5
output/coors/output/image_vectors/unplug177.jpg.npy,7
output/coors/output/image_vectors/coorslight144.jpg.npy,18
output/coors/output/image_vectors/chilling192.jpg.npy,8
output/coors/output/image_vectors/coorslight375.jpg.npy,8
output/coors/output/image_vectors/chilling190.jpg.npy,1
output/coors/output/image_vectors/coorslight409.jpg.npy,11
output/coors/output/image_vectors/relaxing284.jpg.npy,6
output/coors/output/image_vectors/coorslight470.jpg.npy,13
output/coors/output/image_vectors/unplug200.jpg.npy,17
output/coors/output/image_vectors/unplug248.jpg.npy,5
output/coors/output/image_vectors/unplug7.jpg.npy,16
output/coors/output/image_vectors/chilling34.jpg.npy,1
output/coors/output/image_vectors/coorslight444.jpg.npy,10
output/coors/output/image_vectors/coorslight322.jpg.npy,10
output/coors/output/image_vectors/coorslight330.jpg.npy,11
output/coors/output/image_vectors/chilling157.jpg.npy,16
output/coors/output/image_vectors/coorslight509.jpg.npy,18
output/coors/output/image_vectors/coorslight307.jpg.npy,2
output/coors/output/image_vectors/chilling297.jpg.npy,7
output/coors/output/image_vectors/coorslight413.jpg.npy,6
output/coors/output/image_vectors/coorslight256.jpg.npy,7
output/coors/output/image_vectors/relaxing225.jpg.npy,3
output/coors/output/image_vectors/relaxing213.jpg.npy,10
output/coors/output/image_vectors/unplug303.jpg.npy,2
output/coors/output/image_vectors/coorslight221.jpg.npy,14
output/coors/output/image_vectors/chilling12.jpg.npy,4
output/coors/output/image_vectors/unplug293.jpg.npy,11
output/coors/output/image_vectors/coorslight85.jpg.npy,3
output/coors/output/image_vectors/coorslight243.jpg.npy,9
output/coors/output/image_vectors/relaxing274.jpg.npy,0
output/coors/output/image_vectors/coorslight504.jpg.npy,19
output/coors/output/image_vectors/relaxing173.jpg.npy,8
output/coors/output/image_vectors/relaxing53.jpg.npy,5
output/coors/output/image_vectors/coorslight244.jpg.npy,11
output/coors/output/image_vectors/unplug110.jpg.npy,1
output/coors/output/image_vectors/coorslight31.jpg.npy,13
output/coors/output/image_vectors/unplug168.jpg.npy,14
output/coors/output/image_vectors/coorslight92.jpg.npy,9
output/coors/output/image_vectors/relaxing301.jpg.npy,11
output/coors/output/image_vectors/coorslight211.jpg.npy,16
output/coors/output/image_vectors/chilling27.jpg.npy,16
output/coors/output/image_vectors/relaxing198.jpg.npy,11
output/coors/output/image_vectors/coorslight207.jpg.npy,16
output/coors/output/image_vectors/coorslight368.jpg.npy,7
output/coors/output/image_vectors/relaxing44.jpg.npy,8
output/coors/output/image_vectors/unplug238.jpg.npy,7
output/coors/output/image_vectors/relaxing210.jpg.npy,10
output/coors/output/image_vectors/coorslight128.jpg.npy,17
output/coors/output/image_vectors/relaxing108.jpg.npy,0
output/coors/output/image_vectors/relaxing167.jpg.npy,2
output/coors/output/image_vectors/chilling139.jpg.npy,11
output/coors/output/image_vectors/coorslight180.jpg.npy,14
output/coors/output/image_vectors/unplug162.jpg.npy,2
output/coors/output/image_vectors/coorslight336.jpg.npy,3
output/coors/output/image_vectors/relaxing251.jpg.npy,11
output/coors/output/image_vectors/coorslight510.jpg.npy,9
output/coors/output/image_vectors/chilling132.jpg.npy,7
output/coors/output/image_vectors/coorslight480.jpg.npy,18
output/coors/output/image_vectors/coorslight64.jpg.npy,11
output/coors/output/image_vectors/coorslight319.jpg.npy,9
output/coors/output/image_vectors/coorslight419.jpg.npy,9
output/coors/output/image_vectors/relaxing46.jpg.npy,17
output/coors/output/image_vectors/coorslight193.jpg.npy,11
output/coors/output/image_vectors/chilling223.jpg.npy,10
output/coors/output/image_vectors/coorslight136.jpg.npy,7
output/coors/output/image_vectors/coorslight131.jpg.npy,5
output/coors/output/image_vectors/relaxing267.jpg.npy,5
output/coors/output/image_vectors/relaxing177.jpg.npy,1
output/coors/output/image_vectors/chilling68.jpg.npy,6
output/coors/output/image_vectors/unplug260.jpg.npy,17
output/coors/output/image_vectors/coorslight215.jpg.npy,3
output/coors/output/image_vectors/coorslight434.jpg.npy,7
output/coors/output/image_vectors/unplug199.jpg.npy,7
output/coors/output/image_vectors/coorslight191.jpg.npy,11
output/coors/output/image_vectors/chilling11.jpg.npy,7
output/coors/output/image_vectors/relaxing203.jpg.npy,1
output/coors/output/image_vectors/chilling183.jpg.npy,4
output/coors/output/image_vectors/coorslight209.jpg.npy,18
output/coors/output/image_vectors/relaxing152.jpg.npy,13
output/coors/output/image_vectors/unplug0.jpg.npy,2
output/coors/output/image_vectors/chilling178.jpg.npy,17
output/coors/output/image_vectors/coorslight399.jpg.npy,7
output/coors/output/image_vectors/relaxing163.jpg.npy,8
output/coors/output/image_vectors/unplug247.jpg.npy,5
output/coors/output/image_vectors/coorslight248.jpg.npy,7
output/coors/output/image_vectors/unplug123.jpg.npy,11
output/coors/output/image_vectors/coorslight496.jpg.npy,16
output/coors/output/image_vectors/coorslight447.jpg.npy,9
output/coors/output/image_vectors/coorslight231.jpg.npy,3
output/coors/output/image_vectors/coorslight372.jpg.npy,9
output/coors/output/image_vectors/coorslight454.jpg.npy,8
output/coors/output/image_vectors/chilling182.jpg.npy,17
output/coors/output/image_vectors/relaxing90.jpg.npy,10
output/coors/output/image_vectors/relaxing151.jpg.npy,11
output/coors/output/image_vectors/coorslight395.jpg.npy,9
output/coors/output/image_vectors/coorslight226.jpg.npy,16
output/coors/output/image_vectors/coorslight314.jpg.npy,3
output/coors/output/image_vectors/coorslight9.jpg.npy,14
output/coors/output/image_vectors/coorslight495.jpg.npy,13
output/coors/output/image_vectors/chilling58.jpg.npy,19
output/coors/output/image_vectors/unplug276.jpg.npy,18
output/coors/output/image_vectors/chilling226.jpg.npy,11
output/coors/output/image_vectors/relaxing218.jpg.npy,11
output/coors/output/image_vectors/chilling126.jpg.npy,7
output/coors/output/image_vectors/coorslight101.jpg.npy,18
output/coors/output/image_vectors/relaxing161.jpg.npy,6
output/coors/output/image_vectors/relaxing253.jpg.npy,16
output/coors/output/image_vectors/coorslight410.jpg.npy,17
output/coors/output/image_vectors/coorslight505.jpg.npy,9
output/coors/output/image_vectors/chilling146.jpg.npy,8
output/coors/output/image_vectors/coorslight478.jpg.npy,10
output/coors/output/image_vectors/chilling175.jpg.npy,8
output/coors/output/image_vectors/relaxing37.jpg.npy,7
output/coors/output/image_vectors/coorslight425.jpg.npy,17
output/coors/output/image_vectors/unplug54.jpg.npy,10
output/coors/output/image_vectors/coorslight282.jpg.npy,14
output/coors/output/image_vectors/coorslight166.jpg.npy,17
output/coors/output/image_vectors/coorslight208.jpg.npy,7
output/coors/output/image_vectors/chilling104.jpg.npy,6
output/coors/output/image_vectors/coorslight306.jpg.npy,17
output/coors/output/image_vectors/coorslight383.jpg.npy,5
output/coors/output/image_vectors/coorslight67.jpg.npy,8
output/coors/output/image_vectors/chilling101.jpg.npy,4
output/coors/output/image_vectors/unplug47.jpg.npy,3
output/coors/output/image_vectors/unplug72.jpg.npy,16
output/coors/output/image_vectors/coorslight223.jpg.npy,3
output/coors/output/image_vectors/relaxing235.jpg.npy,0
output/coors/output/image_vectors/coorslight200.jpg.npy,19
output/coors/output/image_vectors/relaxing179.jpg.npy,17
output/coors/output/image_vectors/chilling170.jpg.npy,19
output/coors/output/image_vectors/chilling280.jpg.npy,13
output/coors/output/image_vectors/coorslight414.jpg.npy,11
output/coors/output/image_vectors/unplug59.jpg.npy,14
output/coors/output/image_vectors/chilling19.jpg.npy,18
output/coors/output/image_vectors/coorslight367.jpg.npy,8
output/coors/output/image_vectors/coorslight506.jpg.npy,9
output/coors/output/image_vectors/chilling276.jpg.npy,10
output/coors/output/image_vectors/relaxing89.jpg.npy,1
output/coors/output/image_vectors/coorslight0.jpg.npy,7
output/coors/output/image_vectors/relaxing80.jpg.npy,17
output/coors/output/image_vectors/relaxing28.jpg.npy,6
output/coors/output/image_vectors/chilling185.jpg.npy,1
output/coors/output/image_vectors/unplug38.jpg.npy,1
output/coors/output/image_vectors/relaxing144.jpg.npy,18
output/coors/output/image_vectors/unplug70.jpg.npy,7
output/coors/output/image_vectors/coorslight346.jpg.npy,13
output/coors/output/image_vectors/unplug194.jpg.npy,6
output/coors/output/image_vectors/relaxing15.jpg.npy,18
output/coors/output/image_vectors/relaxing14.jpg.npy,16
output/coors/output/image_vectors/chilling24.jpg.npy,0
output/coors/output/image_vectors/chilling110.jpg.npy,0
output/coors/output/image_vectors/chilling290.jpg.npy,8
output/coors/output/image_vectors/relaxing174.jpg.npy,9
output/coors/output/image_vectors/coorslight179.jpg.npy,17
output/coors/output/image_vectors/relaxing293.jpg.npy,8
output/coors/output/image_vectors/coorslight33.jpg.npy,11
output/coors/output/image_vectors/chilling231.jpg.npy,6
output/coors/output/image_vectors/relaxing263.jpg.npy,11
output/coors/output/image_vectors/coorslight150.jpg.npy,13
output/coors/output/image_vectors/chilling125.jpg.npy,19
output/coors/output/image_vectors/chilling238.jpg.npy,1
output/coors/output/image_vectors/unplug225.jpg.npy,11
output/coors/output/image_vectors/chilling103.jpg.npy,6
output/coors/output/image_vectors/chilling90.jpg.npy,11
output/coors/output/image_vectors/relaxing68.jpg.npy,0
output/coors/output/image_vectors/coorslight2.jpg.npy,7
output/coors/output/image_vectors/chilling74.jpg.npy,9
output/coors/output/image_vectors/coorslight17.jpg.npy,16
output/coors/output/image_vectors/unplug231.jpg.npy,0
output/coors/output/image_vectors/unplug218.jpg.npy,17
output/coors/output/image_vectors/chilling72.jpg.npy,11
output/coors/output/image_vectors/coorslight316.jpg.npy,16
output/coors/output/image_vectors/chilling122.jpg.npy,8
output/coors/output/image_vectors/coorslight76.jpg.npy,17
output/coors/output/image_vectors/coorslight385.jpg.npy,7
output/coors/output/image_vectors/coorslight104.jpg.npy,14
output/coors/output/image_vectors/relaxing236.jpg.npy,16
output/coors/output/image_vectors/coorslight91.jpg.npy,3
output/coors/output/image_vectors/unplug91.jpg.npy,19
output/coors/output/image_vectors/chilling186.jpg.npy,13
output/coors/output/image_vectors/coorslight235.jpg.npy,5
output/coors/output/image_vectors/coorslight431.jpg.npy,19
output/coors/output/image_vectors/coorslight360.jpg.npy,9
output/coors/output/image_vectors/unplug275.jpg.npy,8
output/coors/output/image_vectors/coorslight170.jpg.npy,16
output/coors/output/image_vectors/chilling88.jpg.npy,11
output/coors/output/image_vectors/coorslight260.jpg.npy,2
output/coors/output/image_vectors/unplug267.jpg.npy,6
output/coors/output/image_vectors/relaxing211.jpg.npy,5
output/coors/output/image_vectors/coorslight35.jpg.npy,9
output/coors/output/image_vectors/unplug2.jpg.npy,3
output/coors/output/image_vectors/chilling107.jpg.npy,11
output/coors/output/image_vectors/relaxing40.jpg.npy,11
output/coors/output/image_vectors/coorslight406.jpg.npy,5
output/coors/output/image_vectors/chilling92.jpg.npy,16
output/coors/output/image_vectors/coorslight95.jpg.npy,3
output/coors/output/image_vectors/coorslight366.jpg.npy,3
output/coors/output/image_vectors/relaxing299.jpg.npy,0
output/coors/output/image_vectors/unplug163.jpg.npy,3
output/coors/output/image_vectors/chilling47.jpg.npy,13
output/coors/output/image_vectors/coorslight63.jpg.npy,11
output/coors/output/image_vectors/unplug9.jpg.npy,2
output/coors/output/image_vectors/unplug12.jpg.npy,17
output/coors/output/image_vectors/unplug23.jpg.npy,3
output/coors/output/image_vectors/chilling63.jpg.npy,4
output/coors/output/image_vectors/chilling159.jpg.npy,0
output/coors/output/image_vectors/coorslight417.jpg.npy,16
output/coors/output/image_vectors/coorslight157.jpg.npy,16
output/coors/output/image_vectors/unplug36.jpg.npy,19
output/coors/output/image_vectors/coorslight16.jpg.npy,4
output/coors/output/image_vectors/unplug35.jpg.npy,2
output/coors/output/image_vectors/coorslight66.jpg.npy,9
output/coors/output/image_vectors/coorslight61.jpg.npy,4
output/coors/output/image_vectors/coorslight371.jpg.npy,9
output/coors/output/image_vectors/relaxing0.jpg.npy,6
output/coors/output/image_vectors/unplug169.jpg.npy,11
output/coors/output/image_vectors/coorslight473.jpg.npy,0
output/coors/output/image_vectors/unplug209.jpg.npy,19
output/coors/output/image_vectors/coorslight138.jpg.npy,4
output/coors/output/image_vectors/relaxing11.jpg.npy,11
output/coors/output/image_vectors/chilling39.jpg.npy,11
output/coors/output/image_vectors/coorslight376.jpg.npy,9
output/coors/output/image_vectors/coorslight299.jpg.npy,13
output/coors/output/image_vectors/chilling85.jpg.npy,8
output/coors/output/image_vectors/chilling115.jpg.npy,7
output/coors/output/image_vectors/relaxing77.jpg.npy,7
output/coors/output/image_vectors/chilling145.jpg.npy,6
output/coors/output/image_vectors/coorslight396.jpg.npy,9
output/coors/output/image_vectors/coorslight344.jpg.npy,18
output/coors/output/image_vectors/coorslight249.jpg.npy,13
output/coors/output/image_vectors/coorslight300.jpg.npy,9
output/coors/output/image_vectors/unplug230.jpg.npy,14
output/coors/output/image_vectors/unplug228.jpg.npy,11
output/coors/output/image_vectors/chilling31.jpg.npy,16
output/coors/output/image_vectors/relaxing290.jpg.npy,0
output/coors/output/image_vectors/chilling267.jpg.npy,4
output/coors/output/image_vectors/relaxing171.jpg.npy,11
output/coors/output/image_vectors/chilling129.jpg.npy,1
output/coors/output/image_vectors/chilling177.jpg.npy,5
output/coors/output/image_vectors/unplug268.jpg.npy,11
output/coors/output/image_vectors/relaxing269.jpg.npy,10
output/coors/output/image_vectors/unplug165.jpg.npy,14
output/coors/output/image_vectors/unplug160.jpg.npy,13
output/coors/output/image_vectors/coorslight429.jpg.npy,16
output/coors/output/image_vectors/chilling153.jpg.npy,11
output/coors/output/image_vectors/unplug269.jpg.npy,7
output/coors/output/image_vectors/chilling289.jpg.npy,19
output/coors/output/image_vectors/relaxing154.jpg.npy,13
output/coors/output/image_vectors/chilling218.jpg.npy,16
output/coors/output/image_vectors/chilling308.jpg.npy,11
output/coors/output/image_vectors/coorslight453.jpg.npy,7
output/coors/output/image_vectors/coorslight428.jpg.npy,9
output/coors/output/image_vectors/relaxing61.jpg.npy,7
output/coors/output/image_vectors/unplug44.jpg.npy,13
output/coors/output/image_vectors/coorslight124.jpg.npy,10
output/coors/output/image_vectors/relaxing130.jpg.npy,11
output/coors/output/image_vectors/coorslight177.jpg.npy,14
output/coors/output/image_vectors/chilling252.jpg.npy,7
output/coors/output/image_vectors/coorslight42.jpg.npy,10
output/coors/output/image_vectors/chilling109.jpg.npy,1
output/coors/output/image_vectors/relaxing48.jpg.npy,16
output/coors/output/image_vectors/coorslight508.jpg.npy,9
output/coors/output/image_vectors/relaxing132.jpg.npy,0
output/coors/output/image_vectors/coorslight404.jpg.npy,9
output/coors/output/image_vectors/coorslight476.jpg.npy,3
output/coors/output/image_vectors/chilling173.jpg.npy,11
output/coors/output/image_vectors/coorslight337.jpg.npy,16
output/coors/output/image_vectors/coorslight439.jpg.npy,9
output/coors/output/image_vectors/unplug94.jpg.npy,11
output/coors/output/image_vectors/chilling195.jpg.npy,4
output/coors/output/image_vectors/relaxing260.jpg.npy,0
output/coors/output/image_vectors/relaxing76.jpg.npy,1
output/coors/output/image_vectors/relaxing239.jpg.npy,3
output/coors/output/image_vectors/chilling225.jpg.npy,4
output/coors/output/image_vectors/unplug278.jpg.npy,10
output/coors/output/image_vectors/unplug57.jpg.npy,5
output/coors/output/image_vectors/coorslight389.jpg.npy,7
output/coors/output/image_vectors/chilling40.jpg.npy,19
output/coors/output/image_vectors/coorslight449.jpg.npy,11
output/coors/output/image_vectors/chilling155.jpg.npy,19
output/coors/output/image_vectors/coorslight112.jpg.npy,8
output/coors/output/image_vectors/relaxing241.jpg.npy,4
output/coors/output/image_vectors/chilling69.jpg.npy,11
output/coors/output/image_vectors/coorslight169.jpg.npy,14
output/coors/output/image_vectors/chilling53.jpg.npy,5
output/coors/output/image_vectors/coorslight294.jpg.npy,9
output/coors/output/image_vectors/relaxing118.jpg.npy,1
output/coors/output/image_vectors/unplug166.jpg.npy,3
output/coors/output/image_vectors/relaxing164.jpg.npy,11
output/coors/output/image_vectors/relaxing160.jpg.npy,0
output/coors/output/image_vectors/coorslight12.jpg.npy,14
output/coors/output/image_vectors/unplug239.jpg.npy,6
output/coors/output/image_vectors/coorslight481.jpg.npy,18
output/coors/output/image_vectors/coorslight273.jpg.npy,11
output/coors/output/image_vectors/relaxing158.jpg.npy,5
output/coors/output/image_vectors/unplug76.jpg.npy,8
output/coors/output/image_vectors/unplug251.jpg.npy,16
output/coors/output/image_vectors/relaxing78.jpg.npy,7
output/coors/output/image_vectors/chilling120.jpg.npy,16
output/coors/output/image_vectors/coorslight334.jpg.npy,9
output/coors/output/image_vectors/coorslight176.jpg.npy,16
output/coors/output/image_vectors/coorslight50.jpg.npy,8
output/coors/output/image_vectors/chilling7.jpg.npy,10
output/coors/output/image_vectors/relaxing192.jpg.npy,0
output/coors/output/image_vectors/chilling247.jpg.npy,7
output/coors/output/image_vectors/coorslight285.jpg.npy,9
output/coors/output/image_vectors/relaxing252.jpg.npy,2
output/coors/output/image_vectors/relaxing261.jpg.npy,6
output/coors/output/image_vectors/unplug175.jpg.npy,2
output/coors/output/image_vectors/relaxing139.jpg.npy,11
output/coors/output/image_vectors/coorslight354.jpg.npy,9
output/coors/output/image_vectors/coorslight393.jpg.npy,9
output/coors/output/image_vectors/relaxing19.jpg.npy,11
output/coors/output/image_vectors/coorslight132.jpg.npy,5
output/coors/output/image_vectors/relaxing56.jpg.npy,5
output/coors/output/image_vectors/chilling62.jpg.npy,6
output/coors/output/image_vectors/coorslight323.jpg.npy,4
output/coors/output/image_vectors/chilling269.jpg.npy,10
output/coors/output/image_vectors/coorslight204.jpg.npy,5
output/coors/output/image_vectors/coorslight237.jpg.npy,9
output/coors/output/image_vectors/coorslight24.jpg.npy,3
output/coors/output/image_vectors/unplug301.jpg.npy,7
output/coors/output/image_vectors/coorslight160.jpg.npy,17
output/coors/output/image_vectors/coorslight230.jpg.npy,4
output/coors/output/image_vectors/relaxing166.jpg.npy,13
output/coors/output/image_vectors/relaxing219.jpg.npy,18
output/coors/output/image_vectors/chilling222.jpg.npy,11
output/coors/output/image_vectors/relaxing265.jpg.npy,1
output/coors/output/image_vectors/chilling97.jpg.npy,1
output/coors/output/image_vectors/chilling55.jpg.npy,11
output/coors/output/image_vectors/coorslight217.jpg.npy,7
output/coors/output/image_vectors/coorslight168.jpg.npy,14
output/coors/output/image_vectors/chilling50.jpg.npy,11
output/coors/output/image_vectors/coorslight421.jpg.npy,8
output/coors/output/image_vectors/unplug198.jpg.npy,1
output/coors/output/image_vectors/unplug193.jpg.npy,3
output/coors/output/image_vectors/relaxing248.jpg.npy,16
output/coors/output/image_vectors/chilling302.jpg.npy,6
